Res.Df,RSS,Df,Sum of Sq,F,Pr(>F)
890,20.339457727465597,NA,NA,NA,NA
884,19.3620974340866,6,0.9773602933789967,7.437094580345768,8.748583832776146e-8
