term,estimate,std.error,statistic,p.value
(Intercept),0.26894694921355244,0.07881554790622958,3.412359063132198,7.346926060828032e-4
targeted_productivity,0.6689556165662992,0.10528421942811005,6.353807058645423,8.010742875233391e-10
smv,-0.0011864515228003241,9.566367459505696e-4,-1.2402320189168536,0.21588185587910258
wip,7.676183445335261e-6,6.741129221729533e-6,1.1387088413305666,0.2557547785188187
incentive,5.6268083409465814e-5,4.6481460693698946e-5,1.2105489494028219,0.22704392558745928
idle_men,-0.009929245775305238,0.0030338951704589503,-3.272771542005256,0.0011924435786553412
no_of_style_change,-0.028562738723036513,0.02437877588509161,-1.1716231716336312,0.24230022697446196
