Res.Df,RSS,Df,Sum of Sq,F,Pr(>F)
890,20.339457727465597,NA,NA,NA,NA
885,20.294091417239606,5,0.04536631022599025,0.39567363450324344,0.8519733379660004
