Res.Df,RSS,Df,Sum of Sq,F,Pr(>F)
891,20.447553275949765,NA,NA,NA,NA
885,20.294091417239606,6,0.15346185871015905,1.1153800233953686,0.3512442274400054
