Res.Df,RSS,Df,Sum of Sq,F,Pr(>F)
891,20.447553275949765,NA,NA,NA,NA
884,19.3620974340866,7,1.0854558418631655,7.0796858027358525,3.035775909929932e-8
