term,estimate,std.error,statistic,p.value
(Intercept),0.26559077414500676,0.07880014589889055,3.370435055866389,8.508092838596029e-4
targeted_productivity,0.6735618990290062,0.10525954513444244,6.3990576642593435,6.154571829450993e-10
smv,-8.33496223649987e-4,9.054858045931149e-4,-0.920496179423291,0.3580681956532127
incentive,5.725066778465487e-5,4.649689139782501e-5,1.2312794697353229,0.21920238149036042
idle_men,-0.009999450729708571,0.0030347986248348167,-3.2949305591084612,0.0011049678491884855
no_of_style_change,-0.029771611332399257,0.024367934738600345,-1.2217535729541802,0.22277954030151295
